{
  "status": {
    "windows": {
      "status": "success",
      "details": "Windows install test passed."
    },
    "android": {
      "status": "success",
      "details": "Android install test passed."
    },
    "macos": {
      "status": "success",
      "details": "macOS install test passed."
    },
    "linux": {
      "status": "success",
      "details": "Linux install test passed."
    },
    "ios": {
      "status": "success",
      "details": "iOS install test passed."
    }
  }
}